{
  "accuracy": 0.676,
  "precision_macro": 0.6760704281712686,
  "recall_macro": 0.676,
  "f1_macro": 0.675967596759676,
  "precision_weighted": 0.6760704281712685,
  "recall_weighted": 0.676,
  "f1_weighted": 0.675967596759676,
  "per_class": {
    "safe": {
      "precision": 0.6795918367346939,
      "recall": 0.666,
      "f1": 0.6727272727272727,
      "support": 500
    },
    "unsafe": {
      "precision": 0.6725490196078432,
      "recall": 0.686,
      "f1": 0.6792079207920793,
      "support": 500
    }
  },
  "roc_auc": 0.706388,
  "mapping": "default"
}